,1. open,2. high,3. low,4. close,5. adjusted close,delta,count,avg_favorites_per_day,approve_estimate,disapprove_estimate
2017-03-02,219.99,220.02,218.75,218.86,208.393,-5.271603254693399,1,175684.0,45.23322,49.77825
2017-03-02,219.99,220.02,218.75,218.86,208.393,-5.271603254693399,1,175684.0,45.15903,49.53156
2017-03-02,219.99,220.02,218.75,218.86,208.393,-5.271603254693399,1,175684.0,44.69143,49.79915
2017-03-02,219.99,220.02,218.75,218.86,208.393,-5.271603254693399,1,175684.0,44.77391,49.68867
2017-03-02,219.99,220.02,218.75,218.86,208.393,-5.271603254693399,1,175684.0,44.86759,49.60043
2017-03-02,219.99,220.02,218.75,218.86,208.393,-5.271603254693399,1,175684.0,44.86759,49.60043
2017-03-02,219.99,220.02,218.75,218.86,208.393,-5.271603254693399,1,175684.0,44.86759,49.60043
2017-03-02,219.99,220.02,218.75,218.86,208.393,-5.271603254693399,1,175684.0,44.84227,49.52387
2017-03-02,219.99,220.02,218.75,218.86,208.393,-5.271603254693399,1,175684.0,44.294,50.37005
2017-03-02,219.99,220.02,218.75,218.86,208.393,-5.271603254693399,1,175684.0,45.53262,49.28985
2017-03-02,219.99,220.02,218.75,218.86,208.393,-5.271603254693399,1,175684.0,45.56286,49.19039
2017-03-02,219.99,220.02,218.75,218.86,208.393,-5.271603254693399,1,175684.0,46.48179,49.83215
2017-03-02,219.99,220.02,218.75,218.86,208.393,-5.271603254693399,1,175684.0,46.48179,49.83215
2017-03-02,219.99,220.02,218.75,218.86,208.393,-5.271603254693399,1,175684.0,46.66242,49.45398
2017-03-02,219.99,220.02,218.75,218.86,208.393,-5.271603254693399,1,175684.0,46.53775,49.53732
2017-03-02,219.99,220.02,218.75,218.86,208.393,-5.271603254693399,1,175684.0,46.32353,49.7077
2017-03-02,219.99,220.02,218.75,218.86,208.393,-5.271603254693399,1,175684.0,46.16746,49.73203
2017-03-02,219.99,220.02,218.75,218.86,208.393,-5.271603254693399,1,175684.0,45.41359,49.86423
2017-03-02,219.99,220.02,218.75,218.86,208.393,-5.271603254693399,1,175684.0,46.31055,48.61903
2017-03-02,219.99,220.02,218.75,218.86,208.393,-5.271603254693399,1,175684.0,46.31055,48.61903
2017-03-02,219.99,220.02,218.75,218.86,208.393,-5.271603254693399,1,175684.0,46.21808,48.71865
2017-03-02,219.99,220.02,218.75,218.86,208.393,-5.271603254693399,1,175684.0,46.23419000000001,48.68385
2017-03-02,219.99,220.02,218.75,218.86,208.393,-5.271603254693399,1,175684.0,46.69795,47.94511
2017-03-02,219.99,220.02,218.75,218.86,208.393,-5.271603254693399,1,175684.0,46.92523,47.53691
2017-03-02,219.99,220.02,218.75,218.86,208.393,-5.271603254693399,1,175684.0,46.66296,45.71693
2017-03-02,219.99,220.02,218.75,218.86,208.393,-5.271603254693399,1,175684.0,46.77325,45.41658
2017-03-02,219.99,220.02,218.75,218.86,208.393,-5.271603254693399,1,175684.0,46.21463,44.72782
2017-03-02,219.99,220.02,218.75,218.86,208.393,-5.271603254693399,1,175684.0,46.21463,44.72782
2017-03-02,219.99,220.02,218.75,218.86,208.393,-5.271603254693399,1,175684.0,45.88868,44.48
2017-03-02,219.99,220.02,218.75,218.86,208.393,-5.271603254693399,1,175684.0,45.86395,44.44283
2017-03-02,219.99,220.02,218.75,218.86,208.393,-5.271603254693399,1,175684.0,45.01149,43.20672
2017-03-02,219.99,220.02,218.75,218.86,208.393,-5.271603254693399,1,175684.0,44.67257,42.0221
2017-03-02,219.99,220.02,218.75,218.86,208.393,-5.271603254693399,1,175684.0,44.74559,41.74476
2017-03-02,219.99,220.02,218.75,218.86,208.393,-5.271603254693399,1,175684.0,44.38777,41.58635
2017-03-02,219.99,220.02,218.75,218.86,208.393,-5.271603254693399,1,175684.0,44.38777,41.58635
2017-03-02,219.99,220.02,218.75,218.86,208.393,-5.271603254693399,1,175684.0,44.62692,41.1728
2017-03-02,219.99,220.02,218.75,218.86,208.393,-5.271603254693399,1,175684.0,48.61617,41.35324
2017-03-02,219.99,220.02,218.75,218.86,208.393,-5.271603254693399,1,175684.0,46.0,37.0
2017-03-02,219.99,220.02,218.75,218.86,208.393,-5.271603254693399,1,175684.0,46.0,37.0
2017-03-03,218.7,219.09,218.308,218.98,208.5073,-4.660585276634661,13,86993.61538461539,45.63852,49.62764
2017-03-06,218.066,218.648,217.63,218.3,207.8598,-4.6803261397925375,4,90421.25,45.36596,48.83812
2017-03-06,218.066,218.648,217.63,218.3,207.8598,-4.6803261397925375,4,90421.25,45.63852,49.62764
2017-03-07,217.98,218.33,217.42,217.64,207.2314,-4.931002844297634,8,96046.625,45.46577,48.28428
2017-03-08,217.95,218.2096,217.07,217.18,206.7934,-5.118880477173663,6,91081.0,45.37472,48.55411
2017-03-09,217.33,217.836,216.46,217.41,207.0124,-4.747434776607002,4,58798.25,45.35116,48.61091
2017-03-10,218.55,218.5749,217.26,218.17,207.736,-4.948066803935037,3,14329.333333333336,45.5193,48.62363
2017-03-13,218.18,218.41,217.86,218.3,207.8598,-4.730131084425703,5,63663.4,45.58329000000001,48.65232
2017-03-14,217.77,217.81,216.89,217.56,207.1552,-4.874316939890711,2,81003.0,45.47269,49.06578
2017-03-15,218.13,219.85,217.87,219.37,208.8786,-4.241232292669504,7,87341.42857142858,44.59151,49.70044
2017-03-16,219.61,219.65,218.651,219.0,208.5263,-5.04699239561041,7,60466.285714285725,44.63105,49.73156
2017-03-17,219.3,219.44,218.56,218.56,208.1074,-5.103784769721841,9,28462.55555555556,44.47798,50.08054
2017-03-20,218.59,218.89,217.98,218.333,207.9265,-4.878310993183585,7,79965.71428571429,44.52505,50.08957
2017-03-21,219.0,219.13,215.41,215.58,205.2699,-6.269452054794518,4,61553.25,44.61454000000001,50.02016
2017-03-22,214.58,215.345,213.95,215.02,205.6889,-4.143489607605566,1,89890.0,44.10851,50.6463
2017-03-23,214.8,216.025,214.44,214.8,205.4785,-4.339618249534457,7,64068.857142857145,44.11869,50.66172
2017-03-24,215.14,215.7834,213.88,214.73,205.4115,-4.521939202379845,4,71565.75,44.35612,50.58176
2017-03-27,212.87,214.72,212.62,214.38,205.0767,-3.661060741297513,1,108475.0,44.28436,50.60625
2017-03-28,214.16,216.46,214.05,215.97,206.5977,-3.531144938363837,10,67640.8,43.37658,51.31355
2017-03-29,215.715,216.47,215.48,216.29,206.9038,-4.0846487263287266,4,66949.5,43.23234,51.65588
2017-03-30,216.17,217.13,215.98,216.87,207.4586,-4.029883887680991,9,43429.0,42.78091,51.80407
2017-03-31,216.56,217.11,216.35,216.35,206.9612,-4.432397487994095,8,55997.875,41.77287000000001,51.91686
2017-04-03,216.51,216.69,214.74,216.08,206.7029,-4.529629116438036,8,78293.5,41.49263,52.28128
2017-04-04,215.71,216.25,215.33,216.2,206.8177,-4.122340178943955,4,34058.0,41.28366,52.73132
2017-04-05,216.89,217.93,215.34,215.54,206.1863,-4.935082299783299,1,67325.0,41.72259,52.42102
2017-04-06,215.71,216.683,215.2288,216.1,206.722,-4.16670529878077,2,72062.5,41.74047,52.44886999999999
2017-04-07,215.86,216.64,215.4,215.91,206.5403,-4.317474288890953,1,0.0,41.51286,52.79503
2017-04-10,216.06,216.88,215.5,216.06,206.6838,-4.339627881144132,3,80275.33333333331,41.39298,52.95179
2017-04-11,215.63,215.88,214.25,215.79,206.4254,-4.268701015628623,5,64037.2,42.56668,51.78368
2017-04-12,215.49,215.69,214.62,214.9,205.5741,-4.601559237087578,6,69835.5,42.83318,51.76783
2017-04-13,214.5,215.24,213.4824,213.47,204.2062,-4.798974358974361,4,109970.25,42.90318,51.71242
2017-04-17,214.0,215.35,213.8,215.34,205.995,-3.7406542056074743,8,54553.75,43.4188,50.35167
2017-04-18,214.55,215.2445,213.977,214.75,205.4306,-4.250477744115597,7,54879.857142857145,43.50145,50.31609
2017-04-19,215.31,215.7,214.06,214.28,204.981,-4.797269053922255,4,63072.25,44.00313,50.52559
2017-04-20,214.98,216.5,214.62,216.03,206.6551,-3.8724067355102734,4,55047.5,44.05973,50.58625
2017-04-21,215.97,216.02,214.93,215.4,206.0524,-4.592119275825343,5,58142.8,44.04811,50.56432
2017-04-24,217.75,217.9358,217.23,217.7,208.2526,-4.361607347876005,7,45671.142857142855,44.23955,50.40123
2017-04-25,218.41,219.36,218.29,219.01,209.5057,-4.076873769516051,5,55348.4,43.502,50.69404
2017-04-26,218.96,219.898,218.81,218.85,209.3527,-4.387696382900991,9,53618.66666666666,44.06063,50.11729
2017-04-27,219.2,219.357,218.47,219.02,209.5153,-4.418202554744522,12,54274.33333333334,43.94151,50.25742
2017-04-28,219.33,219.34,218.43,218.6,209.1135,-4.658049514430322,4,50281.0,44.18594,50.13792
2017-05-01,219.16,219.573,218.65,219.13,209.6205,-4.352755977368135,2,36775.0,44.12144,50.34044
2017-05-02,219.29,219.38,218.77,219.2,209.6875,-4.378904646814717,4,52613.25,44.19493,50.27415
2017-05-03,218.78,219.17,218.24,218.98,209.4771,-4.252171130816342,4,58612.75,44.34391,49.80513
2017-05-04,219.27,219.3335,218.31,219.18,209.6684,-4.378893601495881,10,43695.3,44.23395,49.99863
2017-05-05,219.56,220.06,219.12,220.06,210.5102,-4.121789032610678,10,57092.6,44.06768,50.19212
2017-05-08,220.13,220.25,219.57,220.07,210.5197,-4.365738427292961,10,46950.6,44.14452,50.20971
2017-05-09,220.29,220.486,219.44,219.79,210.2519,-4.55676608107494,2,48665.5,44.17577,50.24742
2017-05-10,219.76,220.22,219.55,220.2,210.6441,-4.1481161266836475,11,59970.36363636363,42.81641,51.53957
2017-05-11,219.74,219.93,218.62,219.75,210.2136,-4.335305360881039,6,75599.5,42.88606,51.48355
2017-05-12,219.5,219.6,219.12,219.41,209.8884,-4.378861047835995,9,76708.0,42.59069,51.74759
2017-05-15,219.88,220.72,219.83,220.52,210.9502,-4.061215208295434,1,55356.0,42.67153,51.77419
2017-05-16,220.88,220.94,220.0,220.48,210.9119,-4.512902933719663,6,72828.0,41.78514000000001,52.59653
2017-05-17,218.61,219.07,216.42,216.57,207.1716,-5.232331549334432,1,69370.0,41.0498,53.19755
2017-05-18,216.33,218.24,216.13,217.36,207.9273,-3.8842046872833214,4,81746.25,40.4189,53.61588
2017-05-19,217.88,219.468,217.825,218.71,209.2188,-3.9752157150725207,3,67015.33333333331,39.62964,54.51856
2017-05-22,219.26,220.05,219.2438,219.93,210.3858,-4.047341056280216,2,33557.5,39.63826,54.53247
2017-05-23,220.31,220.54,219.897,220.36,210.7972,-4.317915664291226,4,97991.0,40.24492,54.416880000000006
2017-05-24,220.64,221.0,220.28,220.89,211.3042,-4.231236403190708,2,84294.5,39.81437,54.01662
2017-05-25,221.425,222.24,221.21,221.92,212.2894,-4.125821384215879,4,44726.75,39.91333,53.94801999999999
2017-05-26,221.76,222.0791,221.67,221.93,212.299,-4.266323953823948,4,68425.0,40.22279,53.76402
2017-05-30,221.56,221.97,221.42,221.72,212.0981,-4.270581332370471,5,51155.0,40.42588,53.90906999999999
2017-05-31,222.04,222.08,220.92,221.67,212.0503,-4.49905422446406,9,103168.66666666669,40.34653,53.96354
2017-06-01,222.14,223.45,221.86,223.4,213.7052,-3.797064914018185,5,84639.2,40.30403,54.02005
2017-06-02,223.48,224.32,223.17,224.1,214.3749,-4.074234830857344,10,24489.4,40.41716,54.00001999999999
2017-06-05,223.99,224.28,223.81,223.95,214.2314,-4.356712353230055,8,75294.5,40.30796,54.25923
2017-06-06,223.37,223.955,223.2,223.31,213.6192,-4.365313157541299,10,73626.8,40.25127,54.70671
2017-06-07,223.69,223.93,222.93,223.68,213.9731,-4.343913451651844,5,76083.4,39.47573,55.21827
2017-06-09,224.12,224.93,222.1,223.5,213.8009,-4.604274495805814,7,72402.85714285714,39.4872,55.18361
2017-06-12,223.21,223.48,222.51,223.41,213.7148,-4.253931275480494,8,53832.875,39.8111,54.497
2017-06-13,223.99,224.57,223.639,224.5,214.7575,-4.1218357962409105,10,68029.1,39.90106,54.4931
2017-06-14,224.82,224.84,223.38,224.26,214.5279,-4.577929009874569,4,93212.0,40.24654,53.96759
2017-06-15,222.86,223.93,222.51,223.81,214.0974,-3.9318854886475907,7,123768.28571428572,40.40865,53.82966999999999
2017-06-16,224.0,224.06,222.94,223.87,214.1548,-4.395178571428574,7,96515.0,41.08271,53.55498000000001
2017-06-19,224.73,225.765,224.62,225.7,215.9054,-3.926756552307215,13,35211.30769230769,41.07663,53.4833
2017-06-20,225.36,225.36,224.18,224.22,214.4897,-4.823526801561952,6,63616.0,41.74133,53.18612
2017-06-21,224.57,224.72,223.64,224.13,214.4036,-4.527051698802147,9,85946.88888888889,41.27916,53.78546
2017-06-22,224.17,224.659,223.875,224.0,214.2792,-4.412187179372791,13,76705.46153846152,41.33515,53.73629
2017-06-23,223.1225,223.65,222.72,223.37,214.6443,-3.799796076146518,7,49917.142857142855,42.15164,53.26928
2017-06-26,224.0,224.449,223.24,223.44,214.7116,-4.146607142857141,9,69321.44444444444,42.26113,53.22861999999999
2017-06-27,223.21,223.52,221.63,221.66,213.0011,-4.573675014560279,14,50997.0,41.78716,53.23951
2017-06-28,222.73,223.84,222.5,223.62,214.8846,-3.522381358595602,9,55336.22222222222,41.81993,52.67576999999999
2017-06-29,223.81,223.92,220.419,221.69,213.03,-4.816585496626604,13,72948.92307692308,41.86575,52.88573
2017-06-30,222.57,222.91,221.86,222.06,213.3855,-4.126566922765865,7,86615.14285714286,41.68539000000001,52.85609
2017-07-03,223.0884,223.53,222.47,222.55,213.8564,-4.1382698517717635,10,85966.2,41.5316,53.03595
2017-07-05,222.84,223.17,222.0,222.94,214.2311,-3.863265122958179,5,121809.2,41.05097,53.6532
2017-07-06,222.16,222.25,220.72,220.94,212.3093,-4.4340565358300275,4,107480.5,40.9981,53.72767
2017-07-07,221.52,222.52,221.38,222.34,213.6546,-3.5506500541711907,7,101637.42857142855,40.9719,53.88918
2017-07-10,222.2,222.99,222.04,222.57,213.8756,-3.7463546354635455,11,45769.81818181818,40.97753,53.88207
2017-07-11,222.42,222.76,221.219,222.4,213.7122,-3.9150256271917954,7,65324.42857142857,41.28938,53.67112
2017-07-12,223.4536,224.28,223.47,224.07,215.317,-3.641292867960054,14,78518.14285714286,41.33458,53.47686
2017-07-13,224.16,224.61,223.89,224.45,215.6822,-3.7820306923625995,4,66263.75,41.25047,53.57362
2017-07-14,224.52,225.8948,224.39,225.47,216.6623,-3.4997773026901937,11,61007.181818181816,41.46821,53.40541999999999
2017-07-17,225.45,225.86,225.34,225.5,216.6911,-3.8850742958527316,3,80182.0,40.74656,53.64394
2017-07-18,225.13,225.69,224.73,225.67,216.8545,-3.6758761604406316,5,83732.4,40.80437,53.83469
2017-07-19,225.98,226.86,225.96,226.86,217.998,-3.53217098858306,5,75174.6,40.23778,54.35539
2017-07-20,227.13,227.25,226.399,226.93,218.0653,-3.9909743318804156,3,89011.33333333331,40.24314,54.3571
2017-07-21,226.36,226.78,226.11,226.77,217.9115,-3.732329033398137,7,47187.857142857145,39.92391,54.90389
2017-07-24,226.67,226.833,226.22,226.69,217.8346,-3.8979132659813795,9,81579.33333333331,40.00105,54.82607
2017-07-25,227.51,227.593,227.02,227.23,218.3535,-4.02465825677992,19,64101.631578947374,40.00367,54.72099
2017-07-26,227.57,227.59,226.98,227.3,218.4208,-4.020389330755362,12,81748.25,40.10891,54.68523
2017-07-27,227.75,227.78,225.65,227.03,218.1614,-4.210142700329315,10,62191.1,39.90546,54.90348
2017-07-28,226.54,226.92,226.09,226.77,217.9115,-3.8088196345016345,9,72118.66666666669,38.97818,56.00404
2017-07-31,227.23,227.3,226.44,226.64,217.7866,-4.155877304933326,4,95118.75,38.83294,56.40698
2017-08-01,227.3,227.32,226.68,227.15,218.2767,-3.9697756269247715,3,109080.66666666669,38.21495,57.22556
2017-08-02,227.31,227.42,226.287,227.28,218.4016,-3.919053275262857,4,67186.5,37.31966,57.76991
2017-08-03,227.18,227.18,226.55,226.88,218.0172,-4.03327757725152,10,64212.8,37.2991,57.72597
2017-08-04,227.36,227.59,226.84,227.26,218.3824,-3.9486277269528602,16,38169.625,37.27709,57.64736
2017-08-07,227.33,227.66,227.2,227.63,218.7379,-3.7795715479699186,16,75990.875,37.74126,57.28339
2017-08-08,227.34,228.62,226.7128,227.18,218.3055,-3.9740036949063113,8,47548.625,38.25177,56.82254
2017-08-09,226.3622,227.15,226.0,227.05,218.1806,-3.61438438043101,11,46670.0,38.39414,56.41191
2017-08-10,226.24,226.345,223.85,223.93,215.1825,-4.887508840169733,9,43996.33333333334,38.53228,56.22918000000001
2017-08-11,224.13,224.82,223.87,224.23,215.4708,-3.8634720920894114,8,43956.875,39.34763,54.87801
2017-08-14,225.56,226.665,225.56,226.43,217.5848,-3.535733286043625,9,72359.33333333331,39.25485,54.94201999999999
2017-08-15,226.8105,226.87,226.1,226.45,217.604,-4.059115428959408,10,36029.9,39.32666,54.21491
2017-08-16,226.95,227.39,226.3754,226.81,217.95,-3.9656311962987445,15,53385.13333333333,39.79543,53.64213
2017-08-17,226.19,226.5,223.28,223.28,214.5579,-5.142623458154652,12,105714.41666666669,40.14403,53.8097
2017-08-18,223.09,224.269,222.45,222.87,214.1639,-4.001120623963419,8,71520.0,39.6217,54.81041
2017-08-21,222.85,223.3586,222.12,223.14,214.4234,-3.781287861790446,3,83150.66666666669,39.59126,54.82199
2017-08-22,223.72,225.6,223.69,225.4,216.595,-3.1847845521187197,8,55926.25,39.12299,55.47832
2017-08-23,224.46,225.06,224.26,224.63,215.8551,-3.8336006415397015,10,75904.1,38.47126,55.76075
2017-08-24,225.04,225.17,223.88,224.11,215.3554,-4.303501599715601,15,44016.93333333333,38.61401,55.61861999999999
2017-08-25,224.95,225.58,224.47,224.6,215.8263,-4.055879084240936,14,57722.57142857143,38.49583,56.11722
2017-08-28,225.16,225.21,224.19,224.68,215.9032,-4.111209806359921,4,0.0,38.49717,56.13604
2017-08-29,223.25,225.16,223.15,224.85,216.0665,-3.217693169092949,6,37335.333333333336,38.09775,56.34618
2017-08-30,224.86,226.24,224.69,225.97,217.1428,-3.4320021346615754,5,104579.0,38.63689,56.25348
2017-08-31,226.63,227.58,226.55,227.3,218.4208,-3.6222918413272653,5,44919.2,38.60115,56.26993
2017-09-01,227.76,228.108,227.51,227.69,218.7956,-3.9358974358974286,7,82687.85714285714,38.72445,56.20359000000001
2017-09-05,227.1,227.351,224.98,226.01,217.1812,-4.3675913694407775,6,72231.16666666669,39.3034,55.7341
2017-09-06,226.76,227.14,226.191,226.8,217.9404,-3.8893984829775885,8,64741.75,39.78395,55.35294
2017-09-07,227.13,227.1063,226.342,226.75,217.8923,-4.067142165279791,12,41709.083333333336,39.82632,55.34008000000001
2017-09-08,226.45,226.98,226.25,226.4,217.556,-3.927577831750929,8,74270.5,40.44044,54.6344
2017-09-11,227.85,229.01,227.84,228.87,219.9295,-3.476190476190478,2,107925.0,40.31529000000001,54.72517
2017-09-12,229.32,229.72,229.13,229.71,220.7367,-3.7429356357927697,5,71359.8,39.55527,55.24316999999999
2017-09-13,229.37,229.85,229.28,229.85,220.8712,-3.7052796791210785,3,87253.0,39.74465,54.93554
2017-09-14,229.47,229.94,229.31,229.77,220.7943,-3.7807556543339027,13,74512.30769230769,40.09134,54.549
2017-09-15,229.62,230.13,229.49,230.09,221.1018,-3.7096942775019626,14,81588.35714285714,40.4518,53.72971999999999
2017-09-18,230.46,230.8984,230.122,230.49,221.4862,-3.893864445023002,5,55434.6,40.48919,53.73187
2017-09-19,230.79,230.85,230.4423,230.77,221.7553,-3.9146843450756044,9,68400.77777777777,40.38954,53.92811
2017-09-20,229.68,229.78,228.63,229.72,221.877,-3.397335423197491,26,40250.807692307695,40.86275,52.65388000000001
2017-09-21,229.54,229.58,228.87,229.07,221.2492,-3.6119194911562214,9,51939.33333333334,40.87155,52.63753000000001
2017-09-22,228.75,229.26,228.72,229.04,221.2202,-3.2917158469945336,11,60795.72727272727,41.25188,52.82355
2017-09-25,228.82,229.2,227.86,228.7,220.8918,-3.464819508784199,9,121615.0,41.57793,53.08458
2017-09-26,229.09,229.32,228.53,228.78,220.9691,-3.544851368457814,21,50821.33333333334,41.01126,53.54343000000001
2017-09-27,229.53,230.063,228.6222,229.67,221.8287,-3.355247680041826,12,71512.0,40.31173,54.26196
2017-09-28,229.36,230.01,229.29,229.94,222.0895,-3.16990756888735,8,54423.5,40.31269,54.41755
2017-09-29,229.91,230.83,229.74,230.76,222.8815,-3.0570658083597966,12,48365.16666666666,40.34256,54.64625
2017-10-02,231.0,231.7121,230.91,231.73,223.8183,-3.108961038961042,2,193743.5,40.15312,54.81033000000001
2017-10-03,231.9,232.25,231.67,232.2,224.2723,-3.2892194911599844,4,96399.25,40.37353,54.85959
2017-10-04,232.12,232.78,231.977,232.52,224.5814,-3.2477166982595222,13,59244.38461538463,40.7621,54.79143000000001
2017-10-05,232.86,233.93,232.76,233.9,225.9143,-2.9827793524005908,10,60100.7,40.60885,54.87642
2017-10-06,233.46,233.7,233.18,233.68,225.7018,-3.323138867471951,3,30845.0,40.17117,55.22769
2017-10-09,233.92,233.93,232.9871,233.27,225.3058,-3.6825410396716753,3,95344.33333333331,40.09864,55.25847
2017-10-10,233.84,234.253,233.29,233.86,225.8756,-3.4059185768046576,11,70473.90909090909,40.01473,55.25956
2017-10-11,233.74,234.24,233.6,234.24,226.2427,-3.207538290408144,15,67076.73333333334,40.12806,54.69553000000001
2017-10-12,233.87,234.27,233.64,233.88,225.895,-3.410014110403213,12,50084.83333333334,40.22272,54.57459
2017-10-13,234.37,234.47,234.0275,234.14,226.1461,-3.508938857362297,13,62830.53846153847,39.6197,55.18693
2017-10-16,234.41,234.69,234.041,234.51,226.5034,-3.37297896847404,9,66710.11111111111,40.2318,54.40153000000001
2017-10-17,234.47,234.69,234.22,234.66,226.6483,-3.335906512560239,9,51594.444444444445,39.582,55.04752
2017-10-18,235.06,235.09,234.68,234.87,226.8511,-3.4922572960095293,17,66073.58823529411,39.87877,54.70084
2017-10-19,234.03,234.99,233.62,234.99,226.9671,-3.0179464171260153,7,69706.42857142858,39.58765,54.8556
2017-10-20,235.8,236.185,235.53,236.16,228.0971,-3.266709075487701,11,66910.72727272728,39.44123,55.12551
2017-10-23,236.49,236.49,235.152,235.3,227.2665,-3.9001649118355965,4,99868.0,39.28416,55.52995
2017-10-24,235.68,235.89,235.27,235.63,227.5852,-3.434657162253912,8,69875.875,38.9423,55.83633
2017-10-25,235.3,235.41,233.291,234.5,226.4938,-3.742541436464096,13,61350.23076923077,38.67745,56.31491
2017-10-26,235.1,235.41,234.67,234.72,226.7063,-3.5702679710761362,11,47956.63636363637,39.07314,56.0741
2017-10-27,235.63,236.88,235.3,236.72,228.638,-2.967364087764712,15,53204.2,38.7843,56.29276
2017-10-30,236.13,236.615,235.533,235.86,227.8074,-3.5245839156396874,4,93114.75,38.96075,56.08945
2017-10-31,236.2605,236.47,235.9,236.13,228.0681,-3.467528427308001,15,62013.46666666668,38.73505,56.16645
2017-11-01,237.03,237.39,236.13,236.54,228.4641,-3.613846348563473,15,69594.66666666669,39.45043,55.40435
2017-11-02,236.45,236.765,235.32,236.64,228.5607,-3.3365616409388843,14,68701.5,39.50467,55.37743
2017-11-03,236.83,237.44,236.34,237.43,229.3237,-3.1694886627538783,20,84368.75,38.97559,55.98031999999999
2017-11-06,237.24,237.89,237.21,237.79,229.6714,-3.1902714550666005,7,84898.57142857142,38.76372,56.23228
2017-11-07,237.8935,238.22,237.11,237.69,229.5749,-3.4967748173026907,11,45216.09090909091,38.78378,56.08299
2017-11-08,237.41,238.12,237.15,238.04,229.9129,-3.1578703508697985,12,67238.75,38.78871,56.07062
2017-11-09,236.73,237.337,235.48,237.18,229.0823,-3.2305580196848678,4,101630.25,38.82508,56.00803000000001
2017-11-10,236.72,237.18,236.4,237.04,228.9471,-3.2835839810746843,9,52516.66666666666,38.91225,55.91314000000001
2017-11-13,236.33,237.5435,236.31,237.32,229.2175,-3.009562899335679,4,66191.25,39.11507,55.69787
2017-11-14,236.44,236.85,235.6202,236.74,228.6573,-3.291617323633905,8,70169.5,38.96594,55.51689
2017-11-15,235.74,236.244,234.82,235.53,227.4886,-3.500212098074157,15,58214.93333333333,39.02678,55.44995
2017-11-16,236.52,237.928,236.5,237.54,229.43,-2.99763233553188,7,82911.28571428571,39.17174,55.44165
2017-11-17,237.17,237.39,236.79,236.9,228.8118,-3.524138803389966,7,77690.28571428571,39.28837,55.46194000000001
2017-11-20,237.12,237.47,236.86,237.21,229.1113,-3.3774881916329305,4,115730.75,39.11744,55.79084
2017-11-21,238.06,239.0,238.0,238.79,230.6373,-3.117995463328569,2,69886.0,39.89044000000001,55.191
2017-11-22,238.86,238.9558,238.44,238.62,230.4731,-3.5112199614837247,11,66215.0,40.0748,54.76105
2017-11-27,239.1806,239.53,238.83,239.05,230.8884,-3.4669199759512304,4,96257.75,40.05172,54.71221
2017-11-28,239.59,241.48,239.44,241.42,233.1775,-2.6764472640761277,15,38943.13333333333,39.71597,55.04973
2017-11-29,241.6,242.18,240.84,241.33,233.0906,-3.5221026490066225,20,52511.15,40.27305,54.68724
2017-11-30,242.3,244.4,242.23,243.35,235.0416,-2.995625257944706,15,71288.66666666669,40.03595,54.90004
2017-12-01,243.25,243.71,239.521,242.9,234.607,-3.5531346351490236,9,101057.77777777777,40.03389,54.96639
2017-12-04,244.7,245.07,242.59,242.64,234.3559,-4.227257866775642,4,90017.5,39.90506,55.0077
2017-12-05,242.91,243.58,241.63,241.78,233.5252,-3.863488534848291,2,59465.5,39.69933,54.95476
2017-12-06,241.45,242.2624,241.33,241.77,233.5156,-3.2861462000414092,5,87822.2,40.18172,54.5077
2017-12-07,241.69,242.91,241.55,242.57,234.2882,-3.062518101700529,9,47373.88888888888,39.37215,55.45115
2017-12-08,243.45,243.92,243.2,243.89,235.5632,-3.2395974532758243,8,80208.375,39.24728,55.49886
2017-12-11,243.94,244.71,243.9,244.68,236.3262,-3.121177338689841,1,138768.0,39.00207,55.85435
2017-12-12,244.94,245.58,244.69,245.1,236.7319,-3.3510655670776526,5,97307.8,39.10435,55.95634
2017-12-13,245.36,245.8,244.97,245.04,236.6739,-3.540145092924686,5,101475.6,38.08359,56.67448
2017-12-14,245.4,245.48,244.0,244.07,235.737,-3.9376528117359455,7,60667.0,38.49307,56.5584
2017-12-15,245.15,246.5654,245.065,246.12,237.717,-3.0320212115031584,4,68259.75,38.28982,56.81938
2017-12-18,247.52,248.01,247.45,247.65,239.1948,-3.36344537815127,13,64011.307692307695,38.38718,56.61966999999999
2017-12-19,247.92,247.95,246.63,246.75,238.3255,-3.869998386576308,5,95334.0,38.20256,57.26283000000001
2017-12-20,247.72,247.77,246.27,246.56,238.142,-3.8664621346681747,6,93730.5,38.77604,56.78464
2017-12-21,247.22,247.81,246.816,247.06,238.625,-3.4766604643637242,5,89655.4,38.74059000000001,56.77304
2017-12-22,247.09,247.1092,246.44,247.01,238.5766,-3.4454652151038045,11,91516.09090909091,38.84623,56.60856999999999
2017-12-26,245.66,245.71,245.26,245.54,238.2991,-2.996377106570051,3,120135.0,38.8737,56.64392
2017-12-26,245.66,245.71,245.26,245.54,238.2991,-2.996377106570051,3,120135.0,38.84623,56.60856999999999
2017-12-27,245.7235,246.02,245.38,245.68,238.435,-2.966138769796132,2,73559.0,39.06779,56.30027
2017-12-28,246.13,246.205,245.77,246.14,238.8814,-2.945029049689181,11,53927.81818181818,39.59424,55.86306
2017-12-29,246.76,246.77,245.0202,245.29,238.0565,-3.527111363267949,8,70379.375,39.47977,55.76954
2018-01-09,252.18,252.942,251.91,252.3,244.8597,-2.9028075184392113,2,41075.5,40.5409,54.79406
2018-01-10,251.51,252.17,250.82,251.87,244.4424,-2.81006719414735,10,82109.9,40.85157,54.47198
2018-01-11,252.4738,253.73,252.33,253.73,246.2476,-2.4660776682570646,8,86871.625,40.9217,54.31938
2018-01-12,254.03,255.56,253.9,255.41,247.878,-2.4217612093059935,14,103125.14285714287,40.67689,54.10226
2018-01-16,256.79,257.398,253.8,254.48,246.9754,-3.822033568285374,17,48847.76470588236,41.6681,53.28009
2018-01-17,255.5,257.35,254.742,256.94,249.3629,-2.401996086105677,5,77991.2,41.63647,53.43866
2018-01-18,256.84,257.2585,256.02,256.59,249.0232,-3.0434511758292997,12,104755.66666666669,41.49497,53.70368000000001
2018-01-19,257.15,257.69,256.53,257.68,250.0811,-2.748940307213683,6,82644.16666666669,41.31607,54.06738000000001
2018-01-22,257.45,259.78,257.45,259.75,252.09,-2.0819576616818747,4,115663.75,40.72579,54.58442
2018-01-23,259.84,260.637,259.51,260.34,252.6627,-2.762199815270926,6,102097.33333333331,40.41182,55.017480000000006
2018-01-24,261.03,261.63,259.019,260.21,252.5365,-3.2538405547255045,5,121843.0,41.14259000000001,54.98185
2018-01-25,261.17,261.22,259.53,260.33,252.6529,-3.2611325956273793,4,96725.5,40.7399,55.1729
2018-01-26,261.33,263.37,260.97,263.36,255.5936,-2.195079018865027,7,73261.71428571429,40.48121,55.45601
2018-01-29,262.829,263.25,261.48,261.54,253.8272,-3.4249645206579196,1,84209.0,40.38136,55.4905
2018-01-29,262.829,263.25,261.48,261.54,253.8272,-3.4249645206579196,1,84209.0,40.48121,55.45601
2018-01-29,262.829,263.25,261.48,261.54,253.8272,-3.4249645206579196,1,84209.0,40.48121,55.45601
2018-01-31,259.83,260.38,257.95,258.99,251.3524,-3.262748720317129,1,109076.0,41.70512,53.58346
2018-02-01,258.29,260.12,257.95,258.73,251.1001,-2.783654032289296,3,148801.0,42.01125,53.27848
2018-02-02,257.37,257.5,253.09,253.19,245.7235,-4.525197186929325,6,113718.0,42.3483,52.75233000000001
2018-02-05,251.26,253.47,241.92,242.79,235.6302,-6.220568335588629,7,135209.2857142857,42.46733,52.63002
2018-02-05,251.26,253.47,241.92,242.79,235.6302,-6.220568335588629,7,135209.2857142857,42.38263,52.74967
2018-02-06,238.8,247.81,237.67,247.28,239.9878,0.4974036850921196,5,101265.2,42.77346,52.30897
2018-02-07,246.71,250.3034,245.92,245.93,238.6776,-3.2558064123870114,7,120823.85714285714,43.29857,52.21658
2018-02-08,246.25,246.43,236.7,236.79,229.8071,-6.677319796954319,5,100342.8,43.32616,52.06881
2018-02-09,239.6,242.2,232.42,240.44,233.3495,-2.6087228714524158,4,114710.5,43.31694,52.39967
2018-02-12,242.4892,245.32,240.66,243.74,236.5522,-2.4483564628857746,3,98117.66666666669,43.30393,52.30949
2018-02-12,242.4892,245.32,240.66,243.74,236.5522,-2.4483564628857746,3,98117.66666666669,43.31694,52.39967
2018-02-12,242.4892,245.32,240.66,243.74,236.5522,-2.4483564628857746,3,98117.66666666669,43.31694,52.39967
2018-02-13,242.63,245.0,241.97,244.56,237.348,-2.17697729052466,2,106593.0,42.79964,52.69311999999999
2018-02-14,243.0,248.12,242.84,247.76,240.4536,-1.0479012345679035,4,101952.25,43.15522,51.87932
2018-02-15,249.5902,250.97,246.98,250.97,243.569,-2.412434462571055,7,66726.85714285714,43.00751,52.13282
2018-02-16,250.27,253.0,250.158,250.94,243.5399,-2.689135733407928,3,119525.66666666669,43.03395,51.99947
2018-02-20,249.995,251.51,248.6,249.42,242.0647,-3.17218344366888,13,77270.38461538461,43.03841,52.0429
2018-02-21,249.86,252.44,248.11,248.11,240.7933,-3.628712078764118,8,89952.0,41.58496,53.84543000000001
2018-02-22,249.17,250.9,247.81,248.41,241.0845,-3.244973311393826,10,109831.1,41.70066,53.646
2018-02-23,249.82,252.49,249.3,252.49,245.0441,-1.9117364502441787,10,85004.1,42.07542,53.40005
2018-02-27,255.63,256.34,252.14,252.14,244.7045,-4.273950631772483,8,75324.625,41.69873,53.974680000000006
2018-02-28,253.37,253.82,249.34,249.34,241.987,-4.49263922327032,10,83976.4,42.09689,53.71484
2018-03-01,249.53,251.03,244.45,246.05,238.7941,-4.30244860337435,6,65086.66666666666,42.70711,53.1734
2018-03-02,244.24,247.86,243.331,247.36,240.0654,-1.7092204389125443,13,69045.76923076923,42.28911,53.51625
2018-03-05,246.02,250.79,245.95,250.2,242.8217,-1.3000162588407516,6,102567.16666666669,42.33316,53.53802
2018-03-05,246.02,250.79,245.95,250.2,242.8217,-1.3000162588407516,6,102567.16666666669,42.28911,53.51625
2018-03-05,246.02,250.79,245.95,250.2,242.8217,-1.3000162588407516,6,102567.16666666669,42.28911,53.51625
2018-03-06,251.22,251.25,249.2138,250.83,243.4331,-3.099633787118861,8,85547.25,42.36044,53.10275
2018-03-07,248.5341,251.07,248.36,250.72,243.3263,-2.0954066262939337,6,73000.33333333331,41.3746,53.73106
2018-03-08,251.4,252.02,250.36,251.89,244.4619,-2.7597852028639585,5,59145.6,41.92076,52.98934000000001
2018-03-09,253.4028,256.26,253.05,256.25,248.6933,-1.8585035366617968,5,86365.8,41.95938,52.77974
2018-03-12,256.64,257.25,255.583,256.0,248.4506,-3.191006857855353,6,68449.33333333331,41.94425,52.77081
2018-03-12,256.64,257.25,255.583,256.0,248.4506,-3.191006857855353,6,68449.33333333331,41.95938,52.77974
2018-03-12,256.64,257.25,255.583,256.0,248.4506,-3.191006857855353,6,68449.33333333331,41.95938,52.77974
2018-03-13,257.2,257.71,253.71,254.31,246.8105,-4.039463452566096,8,93992.75,42.08287,53.00063000000001
2018-03-14,255.33,255.51,252.46,252.97,245.51,-3.846003211530185,10,72863.4,41.90339,53.29808000000001
2018-03-15,253.55,254.21,252.22,252.73,245.2771,-3.2628278446065946,6,66237.5,42.00203,53.18635
2018-03-16,253.23,254.08,252.97,252.99,245.5294,-3.0409509141886746,4,77783.0,41.56427,53.64494000000001
2018-03-19,252.25,252.26,247.8865,249.61,242.2491,-3.9646778989098124,3,53706.33333333334,41.74577,53.18254
2018-03-20,249.99,250.659,249.33,250.05,242.6761,-2.92567702708109,2,120066.0,42.0102,52.84654000000001
2018-03-21,249.94,252.12,249.31,249.47,242.1132,-3.1314715531727577,7,83259.42857142858,41.84569000000001,52.80284
2018-03-22,247.11,248.08,243.03,243.27,236.096,-4.457124357573554,8,94870.625,41.91279,52.78131
2018-03-23,243.7501,244.52,237.92,238.09,231.0688,-5.2025824809918,6,84504.83333333331,42.10215,52.51001
2018-03-26,240.82,243.81,238.32,243.53,237.4294,-1.407939539905326,4,94225.5,42.51164,52.90974
2018-03-27,244.47,245.04,237.77,239.31,233.3151,-4.562891152288624,3,57597.66666666666,41.54846,53.70638
2018-03-28,239.46,241.22,237.53,238.64,232.6619,-2.8389292574960345,9,99083.66666666669,41.04078,54.00505
2018-03-29,239.85,243.61,239.08,242.08,236.0157,-1.5986241400875483,4,96367.5,41.06978,53.94359
2018-04-02,241.19,241.7,233.92,236.48,230.556,-4.408972179609431,9,75831.33333333331,41.64708,53.63681
2018-04-02,241.19,241.7,233.92,236.48,230.556,-4.408972179609431,9,75831.33333333331,41.3702,53.74371
2018-04-02,241.19,241.7,233.92,236.48,230.556,-4.408972179609431,9,75831.33333333331,41.3702,53.74371
2018-04-03,237.81,240.0,235.93,239.48,233.4808,-1.820444892981798,13,86100.07692307692,41.39609,53.92669
2018-04-04,235.87,242.81,235.7,242.24,236.1717,0.1279094416415748,6,99077.66666666669,41.36893,54.05376
2018-04-05,243.9,244.89,242.8195,243.99,237.8778,-2.469126691266912,4,76896.5,41.3074,54.02983
2018-04-06,241.94,243.51,236.98,238.62,232.6424,-3.8429362651897114,7,67966.28571428571,41.01259,54.23832
2018-04-09,240.15,243.25,239.32,239.59,233.5881,-2.7324172392254873,5,85421.6,41.16166,54.16276
2018-04-09,240.15,243.25,239.32,239.59,233.5881,-2.7324172392254873,5,85421.6,41.01259,54.23832
2018-04-09,240.15,243.25,239.32,239.59,233.5881,-2.7324172392254873,5,85421.6,41.01259,54.23832
2018-04-10,242.75,244.38,241.57,243.54,237.4391,-2.1878063851699294,6,87801.16666666669,41.75703,53.15528000000001
2018-04-11,242.0,243.99,241.95,242.25,236.1814,-2.4043801652892576,11,75867.72727272728,41.79477,53.2348
2018-04-12,243.71,245.2442,243.47,244.28,238.1606,-2.27705059291782,10,73179.0,41.77796,53.09574
2018-04-13,245.84,245.84,242.5,243.6,237.4976,-3.3934266189391464,6,115942.66666666669,41.82263,53.19533000000001
2018-04-16,245.27,246.3541,244.41,245.58,239.428,-2.381864883597673,2,105188.5,42.53479,52.87266999999999
2018-04-17,247.42,248.814,246.875,248.22,242.0019,-2.1898391399240085,24,30630.125,42.33051,53.1986
2018-04-18,248.66,249.22,247.944,248.36,242.1384,-2.62269765945468,17,53401.29411764706,41.69412,53.90058000000001
2018-04-19,247.62,247.89,245.9512,247.0,240.8124,-2.7492125030288377,14,66552.21428571429,41.80221,53.76617
2018-04-20,246.95,247.13,243.97,245.0,238.8625,-3.274954444219469,9,110508.55555555556,41.86242,53.66699000000001
2018-04-23,245.55,246.08,243.75,244.89,238.7553,-2.76713500305437,4,113371.5,41.86631,53.56692
2018-04-23,245.55,246.08,243.75,244.89,238.7553,-2.76713500305437,4,113371.5,41.86242,53.66699000000001
2018-04-23,245.55,246.08,243.75,244.89,238.7553,-2.76713500305437,4,113371.5,41.86242,53.66699000000001
2018-04-24,245.97,246.12,240.01,241.55,235.499,-4.257023214213117,10,41023.0,41.7774,53.26458
2018-04-25,241.51,242.63,239.6,242.17,236.1034,-2.2386650656287514,7,137229.0,42.11814,53.1568
2018-04-26,243.22,245.47,242.77,244.66,238.5311,-1.9278431050078075,3,86059.66666666669,42.22429,53.21845
2018-04-27,245.23,245.57,243.89,244.92,238.7845,-2.6283488969538724,11,84507.18181818182,42.23556,53.18722
2018-04-30,245.51,246.05,242.85,242.92,236.8346,-3.533623884974134,10,98520.8,42.08463,53.31245
2018-04-30,245.51,246.05,242.85,242.92,236.8346,-3.533623884974134,10,98520.8,42.05209,53.37514
2018-05-01,242.45,243.52,240.76,243.44,237.3416,-2.1069911321922,7,82935.57142857142,43.46177,51.83176
2018-05-02,243.2336,244.02,241.36,241.78,235.7232,-3.087731300280884,7,90220.71428571428,43.28582,52.10906
2018-05-03,240.88,241.9,237.92,241.21,235.1675,-2.3715127864496868,9,79004.55555555556,43.54569,51.8676
2018-05-04,240.25,245.055,239.895,244.41,238.2873,-0.8169406867846045,10,92801.1,43.6785,51.79247
2018-05-08,244.83,245.53,243.57,245.16,239.0185,-2.3736878650492272,7,71831.85714285714,44.27958,50.97989000000001
2018-05-08,244.83,245.53,243.57,245.16,239.0185,-2.3736878650492272,7,71831.85714285714,44.40765,50.87634
2018-05-08,244.83,245.53,243.57,245.16,239.0185,-2.3736878650492272,7,71831.85714285714,44.46766,51.08508
2018-05-08,244.83,245.53,243.57,245.16,239.0185,-2.3736878650492272,7,71831.85714285714,44.46766,51.08508
2018-05-09,245.86,247.9,245.36,247.54,241.3389,-1.838892052387545,8,114212.875,43.90227,51.34514
2018-05-10,248.36,250.1959,248.25,249.86,243.6008,-1.916250603961999,5,186842.2,43.78321,51.52347
2018-05-11,250.04,250.916,249.48,250.47,244.1955,-2.337426011838099,5,100660.0,43.86341,51.41866
2018-05-14,251.12,251.76,250.21,250.75,244.4685,-2.6487336731443127,7,111880.85714285713,43.98285,51.49353
2018-05-14,251.12,251.76,250.21,250.75,244.4685,-2.6487336731443127,7,111880.85714285713,44.05393,51.25135
2018-05-15,249.5,249.52,248.0573,249.03,242.7916,-2.6887374749499044,9,67325.77777777777,44.40396,51.21085
2018-05-16,249.0659,250.54,249.07,250.09,243.825,-2.104222215887446,10,60245.4,44.02909,51.47376
2018-05-17,249.775,250.99,249.08,249.88,243.6203,-2.464097687919135,11,76483.54545454546,44.0947,51.43144
2018-05-18,249.53,249.85,248.89,249.26,243.0158,-2.6105879052618874,11,82499.09090909091,43.97738,51.6349
2018-05-21,250.77,251.68,250.4314,251.09,244.8,-2.3806675439645884,10,83800.9,43.82499,51.68853
2018-05-21,250.77,251.68,250.4314,251.09,244.8,-2.3806675439645884,10,83800.9,43.97738,51.6349
2018-05-21,250.77,251.68,250.4314,251.09,244.8,-2.3806675439645884,10,83800.9,43.97738,51.6349
2018-05-22,251.67,251.939,250.1,250.37,244.098,-3.008701871498381,2,62364.5,44.31966,51.37411
2018-05-23,249.12,251.15,248.95,251.15,244.8585,-1.7106213872832419,17,73263.0,43.61057,52.01884
2018-05-24,250.74,251.0,248.7426,250.67,244.3905,-2.5323043790380497,11,62863.181818181816,43.5501,52.11543
2018-05-25,250.04,250.64,249.49,250.04,243.7763,-2.5050791873300273,18,60436.16666666666,43.59041,52.06197
2018-05-29,248.28,249.08,245.97,247.15,240.9587,-2.94880779764782,7,98966.28571428572,43.78471,51.98037
2018-05-30,248.53,250.88,248.43,250.41,244.137,-1.7675934494829602,10,85107.2,43.83958,51.92925
2018-05-31,249.9826,250.3,248.28,248.79,242.5576,-2.9702067263881498,16,57184.75,42.98384,52.50377
2018-06-01,250.2412,251.65,250.17,251.41,245.112,-2.0497024470790572,6,80172.5,43.01175,52.32869
2018-06-04,252.17,252.798,251.96,252.52,246.1942,-2.369750565094973,12,73776.25,43.17106,52.14459
2018-06-04,252.17,252.798,251.96,252.52,246.1942,-2.369750565094973,12,73776.25,43.15339,52.21043
2018-06-05,252.66,253.13,251.87,252.87,246.5354,-2.424048127918937,18,70783.66666666669,42.83619,52.36436
2018-06-06,253.37,254.96,252.72,254.89,248.5048,-1.9201957611398413,18,64831.555555555555,42.50404,51.87386
2018-06-07,255.37,255.7,253.88,254.77,248.3878,-2.7341504483690353,20,66948.0,43.0961,51.68435
2018-06-08,254.36,255.62,254.2043,255.57,249.1678,-2.041280075483572,6,98249.66666666669,43.00425,51.7534
2018-06-11,255.79,256.67,255.7,255.9,249.4895,-2.463153367997185,11,112891.18181818182,42.78002,52.28406
2018-06-11,255.79,256.67,255.7,255.9,249.4895,-2.463153367997185,11,112891.18181818182,42.79602,52.01387
2018-06-12,256.39,256.63,255.6,256.33,249.9087,-2.5279067046296566,12,88115.91666666669,42.87965,52.14505
2018-06-13,256.53,256.77,255.23,255.31,248.9143,-2.9687366000077873,17,104237.0,42.78136,52.09525
2018-06-14,256.31,256.62,255.46,256.05,249.6357,-2.60399516210838,7,94458.0,43.3681,50.98183
2018-06-15,255.27,256.07,254.13,255.83,249.4212,-2.2912210600540646,19,60320.789473684206,43.42542,51.15118
2018-06-18,254.18,255.36,253.71,255.22,248.8265,-2.106184593595089,12,104040.5,42.97183,51.62914
2018-06-18,254.18,255.36,253.71,255.22,248.8265,-2.106184593595089,12,104040.5,43.42542,51.15118
2018-06-18,254.18,255.36,253.71,255.22,248.8265,-2.106184593595089,12,104040.5,43.42542,51.15118
2018-06-19,252.8238,254.457,252.42,254.25,247.8808,-1.9551165673484903,9,90565.66666666669,43.08958,51.52604
2018-06-20,254.97,255.3595,254.32,254.71,248.3293,-2.604502490489081,16,65761.6875,43.46984000000001,51.1004
2018-06-21,254.661,254.67,252.58,253.12,246.7791,-3.095055780036991,19,79728.52631578947,43.33474,51.11761
2018-06-22,254.4,254.52,253.32,253.57,247.2179,-2.823152515723278,15,71561.26666666666,43.16301,51.37271
2018-06-25,252.37,252.51,248.35,250.06,243.7958,-3.397471965764548,21,71837.95238095237,43.1451,51.36792
2018-06-26,250.66,251.53,249.91,250.61,244.332,-2.5245352270007193,12,74894.83333333331,43.1865,51.20868
2018-06-27,251.27,252.73,248.43,248.53,242.3041,-3.568233374457756,17,72142.0,43.1776,51.78136
2018-06-28,247.3,249.6,246.63,248.88,243.7802,-1.4232915487262447,14,77306.21428571429,43.17663,51.7826
2018-06-29,249.98,251.36,249.1,249.51,244.3973,-2.233258660692851,5,43614.2,42.97145,51.97178
2018-07-02,247.56,249.89,247.3005,249.8,244.6814,-1.1627888188721949,3,93350.0,43.01169,52.21621
2018-07-03,250.68,250.76,248.44,248.79,243.6921,-2.787577788415508,21,67550.80952380953,42.79001,52.6356
2018-07-05,250.07,250.9308,248.91,250.92,245.7784,-1.7161594753468985,6,97318.16666666669,43.15408,52.65029000000001
2018-07-05,250.07,250.9308,248.91,250.92,245.7784,-1.7161594753468985,6,97318.16666666669,42.79001,52.6356
2018-07-06,250.8898,253.39,250.52,253.01,247.8256,-1.2213330314743762,6,112929.5,43.24845,52.53096
2018-07-09,254.05,255.32,254.01,255.25,250.0197,-1.5864199960637715,7,90371.0,43.14231,52.32187
2018-07-10,255.75,256.3,255.45,256.14,250.8915,-1.8997067448680323,18,60126.5,42.96598,52.53059
2018-07-11,254.6,255.41,254.03,254.39,249.1773,-2.1298900235663756,18,43849.0,43.08789,52.45548
2018-07-12,255.66,256.66,255.01,256.57,251.3127,-1.7004224360478721,10,62391.3,43.54289,52.20567
2018-07-13,256.49,257.159,255.99,256.79,251.5282,-1.9345003703848147,4,62001.5,43.22959,52.41489
2018-07-16,256.89,257.01,256.16,256.63,251.3714,-2.148234652964301,12,79343.75,43.28642,52.57391
2018-07-16,256.89,257.01,256.16,256.63,251.3714,-2.148234652964301,12,79343.75,43.4221,52.4774
2018-07-17,255.8551,258.06,255.8,257.73,252.4489,-1.3313004118346612,5,92052.0,43.12508,52.562
2018-07-18,257.76,258.32,257.28,258.2,252.9093,-1.881866852886402,15,81043.73333333334,42.77056,52.81044
2018-07-19,257.5157,257.9,256.75,257.22,251.9494,-2.1615381120452013,13,80585.23076923077,42.7691,52.87815
2018-07-20,257.0,257.65,256.78,256.98,251.7143,-2.0566926070038876,14,46988.357142857145,42.9778,52.55753000000001
2018-07-23,256.73,257.61,256.4,257.47,252.1942,-1.7667588517119241,10,113119.5,42.62905,53.09624
2018-07-24,258.84,259.57,257.82,258.68,253.3794,-2.109643022716725,16,64746.875,42.16222,53.72567
2018-07-25,258.54,261.25,258.43,261.05,255.7009,-1.098127949253512,15,80953.86666666668,42.54901,53.04598000000001
2018-07-26,260.14,261.005,260.1,260.28,254.9467,-1.9963481202429436,12,76666.91666666669,42.53392,53.05232
2018-07-27,260.73,260.74,257.58,258.59,253.2913,-2.853028036666287,16,77348.1875,42.75357,52.79805
2018-07-30,258.6,258.78,256.64,257.1,251.8318,-2.6172467130703927,14,50781.285714285725,42.88094,52.83874
2018-07-31,258.02,259.09,257.6,258.4,253.1051,-1.9048523370281332,19,65055.789473684206,43.17537,52.50702
2018-08-01,258.64,259.193,257.351,258.08,252.7917,-2.261173832353849,14,62872.142857142855,42.97926,52.51762
2018-08-02,256.73,259.6,256.48,259.39,254.0749,-1.0341993534063039,13,75461.76923076923,43.22049000000001,52.34184000000001
2018-08-03,259.5858,260.66,259.39,260.66,255.3188,-1.643772502193878,10,63511.5,43.13605,52.4722
2018-08-06,260.56,261.83,260.2,261.64,256.2788,-1.6430764507215276,10,63651.3,43.11097,52.50591
2018-08-06,260.56,261.83,260.2,261.64,256.2788,-1.6430764507215276,10,63651.3,43.13605,52.4722
2018-08-06,260.56,261.83,260.2,261.64,256.2788,-1.6430764507215276,10,63651.3,43.13605,52.4722
2018-08-07,262.2,262.78,262.08,262.37,256.9938,-1.9855835240274475,4,74144.0,43.14393,52.44351999999999
2018-08-08,262.23,262.67,261.79,262.23,256.8567,-2.049079052739972,10,98907.0,43.42355,52.08693
2018-08-09,262.33,262.74,261.76,261.9,256.5334,-2.2096595890672104,6,91762.16666666669,43.57416,52.00754000000001
2018-08-10,260.36,260.964,259.43,260.12,254.7899,-2.139383929943165,8,118831.375,43.5351,52.12256
2018-08-13,260.41,261.07,258.9,259.14,253.83,-2.526784685687958,14,66473.35714285714,43.66196,52.03722
2018-08-13,260.41,261.07,258.9,259.14,253.83,-2.526784685687958,14,66473.35714285714,43.5351,52.12256
2018-08-13,260.41,261.07,258.9,259.14,253.83,-2.526784685687958,14,66473.35714285714,43.5351,52.12256
2018-08-14,259.94,261.07,259.55,260.81,255.4658,-1.7212433638531957,17,74323.76470588235,43.84809,51.91397
2018-08-15,259.43,259.55,257.39,258.89,253.5851,-2.2529776818409575,17,57391.41176470588,43.68356,51.7925
2018-08-16,260.36,261.889,260.35,260.99,255.6421,-1.8120679059763458,17,90013.29411764706,43.71100000000001,51.85901
2018-08-17,260.71,262.38,260.35,261.86,256.4942,-1.617045759656324,18,76045.72222222223,43.56767,51.98381
2018-08-20,262.4,262.74,261.9,262.44,257.0624,-2.0341463414633965,9,87126.88888888889,43.4515,52.24882
2018-08-20,262.4,262.74,261.9,262.44,257.0624,-2.0341463414633965,9,87126.88888888889,43.56767,51.98381
2018-08-20,262.4,262.74,261.9,262.44,257.0624,-2.0341463414633965,9,87126.88888888889,43.56767,51.98381
2018-08-21,263.01,263.9795,262.86,263.01,257.6207,-2.049085586099385,13,77365.15384615384,43.33063,52.31107
2018-08-22,262.6155,263.45,262.39,262.93,257.5424,-1.9317595496077007,13,76758.15384615384,42.87815,53.26927
2018-08-23,262.68,263.63,262.21,262.55,257.1701,-2.097571189279738,13,65815.30769230769,42.80038,53.26539
2018-08-24,263.16,264.29,263.11,264.2,258.7863,-1.6619927040583835,13,80567.23076923077,42.34155,53.75689000000001
2018-08-27,265.38,266.35,265.26,266.19,260.7355,-1.7501318863516444,10,88255.7,42.6465,53.55759000000001
2018-08-28,266.76,266.83,265.89,266.34,260.8824,-2.2033288349077718,10,75485.7,42.18199,53.87004
2018-08-29,266.59,268.05,266.34,267.8,262.3125,-1.6045238005926614,24,83275.875,42.26508,53.73956999999999
2018-08-30,267.31,267.71,266.12,266.71,261.2448,-2.268976095170403,18,80221.16666666669,42.37328,53.56899
2018-08-31,266.33,267.216,265.83,266.72,261.2547,-1.9056433747606243,4,96305.5,42.4197,53.52188
2018-09-04,266.35,266.66,265.26,266.35,260.8922,-2.0491083161254062,12,67295.58333333331,41.62132,53.48704
2018-09-05,265.91,266.13,264.52,265.6,260.1576,-2.1632883306381943,15,84398.2,41.97416,53.01204
2018-09-06,265.69,265.99,263.7,264.82,259.3936,-2.3698295005457513,8,101513.375,42.20895,52.91023000000001
2018-09-07,263.63,265.26,263.45,264.18,258.7667,-1.8447445283161934,9,91402.44444444444,42.38865,52.81744000000001
2018-09-10,265.28,265.57,264.51,264.68,259.2564,-2.2706574185765938,23,55133.0,41.30315,53.33519
2018-09-10,265.28,265.57,264.51,264.68,259.2564,-2.2706574185765938,23,55133.0,42.45607,52.82278
2018-09-11,264.03,266.05,263.68,265.68,260.236,-1.436957921448314,11,65932.45454545454,41.29042000000001,53.29997
2018-09-12,265.61,266.26,264.83,265.71,260.2654,-2.012198335906033,13,67120.92307692308,40.61292,53.98311
2018-09-13,266.78,267.418,266.47,267.22,261.7444,-1.887547792188316,17,43298.64705882353,40.7944,53.92591
2018-09-14,267.47,267.625,266.47,267.36,261.8815,-2.0893932029760385,30,15186.0,40.93293,53.90979
2018-09-17,267.22,267.2609,265.59,265.85,260.4025,-2.551268617618461,30,27578.7,41.53277,53.66873
2018-09-17,267.22,267.2609,265.59,265.85,260.4025,-2.551268617618461,30,27578.7,41.18386,53.81324
2018-09-18,266.1,267.92,266.0878,267.3,261.8228,-1.6073656520105413,12,68206.33333333331,42.41969,53.26351999999999
2018-09-19,267.35,268.03,267.23,267.6,262.1166,-1.9575088834860734,9,83855.55555555556,42.27726,53.31838000000001
2018-09-20,268.89,270.1,268.79,269.75,264.2226,-1.7358027446167528,14,65199.785714285725,42.47611,53.02012
2018-09-21,270.55,270.67,269.37,269.56,264.0365,-2.4075032341526597,25,40100.12,42.92581,52.72727
2018-09-24,268.93,269.068,268.02,268.66,263.1549,-2.1474361357974225,10,38642.6,43.81634,52.17994
2018-09-25,269.1,269.173,268.15,268.33,262.8317,-2.3293571163136417,15,66378.66666666669,43.68663,52.20901
2018-09-26,267.32,268.54,265.95,266.34,262.0612,-1.9672302857997936,14,55070.714285714275,43.4899,52.09438
2018-09-27,266.876,268.24,266.6,267.08,262.7894,-1.531272950733665,1,320104.0,43.48447,52.14566
2018-10-01,268.46,269.175,267.39,268.04,263.734,-1.7604112344483347,5,76656.8,43.13089,52.6396
2018-10-01,268.46,269.175,267.39,268.04,263.734,-1.7604112344483347,5,76656.8,43.54089000000001,52.16042
2018-10-02,267.97,268.67,267.55,268.01,263.7044,-1.5918199798484929,11,75062.18181818182,43.11298,52.56477
2018-10-03,269.02,269.47,267.72,268.24,263.9307,-1.8917924317894508,16,61720.0625,43.38432,52.74972
2018-10-04,267.57,267.66,264.37,266.04,261.7661,-2.1691146242104864,12,89545.5,43.66148,52.4379
2018-10-05,266.19,266.77,263.02,264.54,260.2902,-2.216386791389598,10,69168.0,43.58519,52.13831
2018-10-08,263.77,264.85,262.38,264.47,260.2213,-1.3453766539030203,8,58707.5,43.75935,51.84927
2018-10-09,264.1,265.45,263.549,264.13,259.8867,-1.5953426732298386,18,35138.833333333336,43.46759,52.2512
2018-10-10,263.6201,263.62,255.37,255.6,251.4938,-4.599914801640689,23,21963.34782608696,42.8601,52.88068000000001
2018-10-11,254.81,256.29,248.4778,250.22,246.2002,-3.3789097759114664,11,39878.454545454544,43.04139,52.77861
2018-10-12,254.39,254.64,250.3,253.6,249.5259,-1.912064153465144,12,63603.66666666666,43.04792,52.86861
2018-10-15,253.19,254.56,252.04,252.21,248.1583,-1.987321774161697,9,63982.11111111112,43.30664,52.58164
2018-10-16,254.14,258.1,253.7,257.58,253.442,-0.274651766742732,19,73142.42105263157,43.2679,52.63101
2018-10-17,257.75,258.34,255.07,257.67,253.5306,-1.6370126091173647,23,62919.5652173913,43.90088,52.56697
2018-10-18,256.754,257.35,252.69,254.05,249.9687,-2.642724163985763,14,69980.71428571429,43.9041,52.54461
2018-10-19,254.665,256.62,253.15,253.85,249.7719,-1.921386920071468,11,77204.81818181818,43.68245,52.61926
2018-10-22,254.55,254.86,252.17,252.8,248.7388,-2.28293066195247,14,76944.21428571429,43.97047,52.52752
2018-10-23,249.0,252.58,246.84,251.28,247.2432,-0.7055421686746981,15,66950.93333333332,44.01097,52.47669000000001
2018-10-24,251.19,251.55,243.25,243.78,239.8637,-4.509056889207375,7,95898.28571428572,44.29115,51.97921
2018-10-25,245.735,249.786,244.672,248.15,244.1635,-0.6395100413046634,18,68739.16666666669,44.13043,52.195
2018-10-26,244.34,246.98,241.035,243.76,239.844,-1.8400589342719198,11,93174.81818181818,43.92102,52.42857
2018-10-29,247.03,248.35,238.79,242.5,238.6042,-3.4108407885681937,7,147414.14285714287,43.95501,52.53939
2018-10-30,242.31,246.38,241.8,246.21,242.2547,-0.022822004869790087,24,49098.375,43.81819,52.79923
2018-10-31,248.72,251.08,248.27,248.79,244.7932,-1.5788034737857775,15,77215.06666666668,43.49135,53.11095
2018-11-01,249.63,251.54,248.4439,251.37,247.3317,-0.9206826102631828,12,51201.25,43.3008,53.11375
2018-11-02,252.44,252.9,247.75,249.81,245.7968,-2.631595626683571,10,76968.4,43.49814,52.82076
2018-11-05,250.32,251.792,249.39,251.23,247.194,-1.2488015340364353,17,62744.823529411755,43.56351,53.09978
2018-11-06,251.18,252.975,251.117,252.82,248.7585,-0.9640496854845165,35,22245.31428571428,43.46575,53.09192
2018-11-07,255.07,258.32,254.65,258.16,254.0127,-0.4145136629160615,14,115593.35714285714,43.95908,52.52884
2018-11-08,257.49,258.437,256.65,257.72,253.5797,-1.51862208241097,2,110723.0,43.974,52.43206
2018-11-09,256.5,256.64,253.81,255.34,251.238,-2.051461988304094,12,116431.91666666669,43.99274000000001,52.54802
2018-11-12,254.6704,254.96,249.95,250.41,246.3872,-3.2525177641374867,9,93980.22222222223,43.75782,52.54499000000001
2018-11-12,254.6704,254.96,249.95,250.41,246.3872,-3.2525177641374867,9,93980.22222222223,43.99274000000001,52.54802
2018-11-12,254.6704,254.96,249.95,250.41,246.3872,-3.2525177641374867,9,93980.22222222223,43.99274000000001,52.54802
2018-11-13,250.96,253.01,249.28,249.99,245.9739,-1.9868106471150868,14,95571.85714285713,43.42043,52.75005
2018-11-14,251.96,252.34,246.66,248.28,244.2914,-3.043578345769169,5,79956.8,43.41381,52.62209
2018-11-15,247.02,251.39,245.431,250.85,246.8201,-0.08092462148814417,9,92383.33333333331,43.50974,52.5196
2018-11-16,249.77,252.47,249.26,251.49,247.4498,-0.9289346198502622,4,54633.5,43.5631,52.51929000000001
2018-11-19,250.94,251.205,246.35,247.32,243.3468,-3.0259026062006837,7,76995.71428571429,43.66652,52.25591
2018-11-20,243.84,245.32,241.83,242.77,238.8699,-2.038262795275591,3,30376.0,43.67185,52.25628
2018-11-21,244.24,245.44,243.52,243.58,239.6669,-1.8723796265967942,13,88545.38461538461,44.231,51.62628
2018-11-26,244.23,245.8518,243.85,245.8,241.8512,-0.9739999181099718,10,94658.5,44.24561,51.66513
2018-11-27,244.73,246.6,244.12,246.57,242.6089,-0.8667102521145689,9,66288.66666666669,44.57539000000001,51.21335
2018-11-28,247.72,252.33,246.75,252.33,248.2763,0.22456806071370627,15,52796.2,44.46817,51.18842
2018-11-29,251.54,253.25,250.36,251.81,247.7647,-1.5008746123876868,14,69632.35714285714,44.3835,51.23285
2018-11-30,251.64,253.94,251.35,253.48,249.4079,-0.8870211413129766,11,87358.36363636362,44.39586,51.28436
2018-12-03,257.65,257.74,255.06,256.61,252.4875,-2.0036871725208485,12,92642.16666666669,44.04657,51.16261
2018-12-04,255.85,256.27,248.06,248.65,244.6554,-4.375454367793632,10,82188.1,43.61461,51.5563
2018-12-06,244.42,248.09,241.13,248.02,244.0356,-0.1572702724817934,4,103064.25,43.32276,52.16639
2018-12-07,247.63,249.24,241.37,242.26,238.3681,-3.7402172596212075,23,81055.60869565218,43.41546,51.9128
2018-12-10,242.0,243.62,237.5982,242.55,238.6535,-1.3828512396694181,3,97758.0,43.47831,52.28874
2018-12-11,245.95,246.12,241.19,242.62,238.7223,-2.938686724944094,13,89643.6923076923,42.74178,51.88388
2018-12-12,245.8,247.16,243.85,243.96,240.0408,-2.343043124491465,3,144858.0,43.29251,51.97773
2018-12-13,244.86,245.76,242.7,243.88,239.9621,-2.000285877644377,13,74840.76923076923,43.47062,51.73734
2018-12-14,241.65,242.63,238.77,239.38,235.5344,-2.530767639147528,7,67289.42857142858,43.34373,51.97961
2018-12-17,237.06,238.22,231.68,233.23,230.7256,-2.6720661435923465,6,83266.83333333331,43.29996,52.19585
2018-12-18,235.0,235.68,231.479,233.14,230.6365,-1.8568085106382926,11,61219.36363636363,43.58849,51.99868
2018-12-19,233.21,237.0,227.78,229.42,226.9565,-2.6814887869302355,13,82081.0,43.08582,52.1537
2018-12-20,228.35,229.9,223.54,225.65,223.227,-2.2434858769432844,17,79114.29411764706,43.11878,52.27651
2018-12-21,226.74,229.46,220.57,221.16,218.7852,-3.508335538502252,20,92245.95,43.19737,52.21807
2018-12-24,219.74,220.8,215.07,215.07,212.7606,-3.176208246109037,18,110681.33333333331,43.04998,52.4295
2018-12-24,219.74,220.8,215.07,215.07,212.7606,-3.176208246109037,18,110681.33333333331,43.22877,52.23954000000001
2018-12-26,216.88,226.1,214.83,225.95,223.5237,3.0633068978236793,1,222929.0,42.50584,52.97219000000001
2018-12-27,222.96,228.12,219.6,228.05,225.6012,1.1846071044133466,12,109374.66666666669,42.5213,52.92836
2018-12-28,229.32,231.07,226.52,227.76,225.3143,-1.7467730682016354,5,129411.8,42.49585,52.94865
2018-12-31,229.31,229.97,227.45,229.81,227.3423,-0.8580960272120743,12,91428.41666666669,42.56866,53.09455
